{
  "loss": 0.375335693359375,
  "val_loss": 0.4565806984901428,
  "epoch": 4,
  "global_step": 41110
}